-- --------------------------------------------------------
-- Host:                         127.0.0.1
-- Server version:               11.7.2-MariaDB - mariadb.org binary distribution
-- Server OS:                    Win64
-- HeidiSQL Version:             12.10.0.7000
-- --------------------------------------------------------

/*!40101 SET @OLD_CHARACTER_SET_CLIENT=@@CHARACTER_SET_CLIENT */;
/*!40101 SET NAMES utf8 */;
/*!50503 SET NAMES utf8mb4 */;
/*!40103 SET @OLD_TIME_ZONE=@@TIME_ZONE */;
/*!40103 SET TIME_ZONE='+00:00' */;
/*!40014 SET @OLD_FOREIGN_KEY_CHECKS=@@FOREIGN_KEY_CHECKS, FOREIGN_KEY_CHECKS=0 */;
/*!40101 SET @OLD_SQL_MODE=@@SQL_MODE, SQL_MODE='NO_AUTO_VALUE_ON_ZERO' */;
/*!40111 SET @OLD_SQL_NOTES=@@SQL_NOTES, SQL_NOTES=0 */;


-- Dumping database structure for alphasports
CREATE DATABASE IF NOT EXISTS `alphasports` /*!40100 DEFAULT CHARACTER SET utf8mb4 COLLATE utf8mb4_uca1400_ai_ci */;
USE `alphasports`;

-- Dumping structure for table alphasports.alpha_anywhere_dynamic_list_settings
CREATE TABLE IF NOT EXISTS `alpha_anywhere_dynamic_list_settings` (
  `ID` int(11) NOT NULL AUTO_INCREMENT,
  `USER_NAME` varchar(50) DEFAULT '',
  `GLOBAL` tinyint(4) NOT NULL DEFAULT 0,
  `CONFIG` mediumtext NOT NULL,
  `CONFIG_NAME` text NOT NULL,
  PRIMARY KEY (`ID`)
) ENGINE=InnoDB AUTO_INCREMENT=79 DEFAULT CHARSET=utf8mb4 COLLATE=utf8mb4_uca1400_ai_ci;

-- Dumping data for table alphasports.alpha_anywhere_dynamic_list_settings: ~14 rows (approximately)
DELETE FROM `alpha_anywhere_dynamic_list_settings`;
INSERT INTO `alpha_anywhere_dynamic_list_settings` (`ID`, `USER_NAME`, `GLOBAL`, `CONFIG`, `CONFIG_NAME`) VALUES
	(49, NULL, 1, '{"name":"Invoice Items","dataSource":{"type":"sql","table":"INVOICE_ITEMS"},"mappings":[{"columnName":"INVOICE_NUMBER","inList":true,"inDetailView":false,"readOnly":false},{"columnName":"PRODUCT_ID","inList":true,"inDetailView":false,"readOnly":false}],"buttons":[],"searchOptions":{"advancedSearch":false,"serverSearch":false},"multiSelect":false}', 'Invoice Items'),
	(60, NULL, 1, '{"name":"Customers","dataSource":{"type":"sql","table":"Customer","paginate":{"pageSize":20}},"mappings":{"tag":"object","flatten":true,"inDetailView":false,"keys":{"FIRSTNAME":{"tag":"data","flattenedName":"FIRSTNAME","inList":true,"inDetailView":true},"CUSTOMER_ID":{"tag":"data","flattenedName":"CUSTOMER_ID","displayName":"Customer ID"},"LASTNAME":{"tag":"data","flattenedName":"LASTNAME","inList":true,"inDetailView":true}}},"buttons":[{"columnTitle":"Invoice Headers","onClick":{"listAction":{"actionName":"openLinkedList","configurationName":"INVOICE_HEADERS","tabName":"Invoice Headers","linkedColumns":[{"columnName":"CUSTOMER_ID","foreignName":"CUSTOMER_ID"}],"makeFilter":true}},"title":"Open Invoice Headers"},{"columnTitle":"Detail View","onClick":{"listAction":{"actionName":"openDetailView"}},"title":"Open Detail View"},{"columnTitle":"Test Action","onClick":{"action":"Test Action"},"title":"Run Test Action"}],"searchOptions":{"serverSearch":true},"multiSelect":true}', 'Customers'),
	(62, NULL, 1, '{"name":"Products","dataSource":{"type":"sql","table":"Product"},"mappings":{"tag":"object","flatten":true,"inDetailView":false,"keys":{"PRODUCT_ID":{"tag":"data","flattenedName":"PRODUCT_ID","readOnly":true,"inList":true,"inDetailView":true,"editType":"text"},"DESCRIPTION":{"tag":"data","flattenedName":"DESCRIPTION","readOnly":false,"inList":true,"inDetailView":true,"editType":"text"},"COST":{"tag":"data","flattenedName":"COST","readOnly":false,"inList":true,"inDetailView":true,"editType":"number"},"VENDOR":{"tag":"data","flattenedName":"VENDOR","readOnly":false,"inList":true,"inDetailView":true,"editType":"dropdown","dropdownConfig":{"fromColumn":"VENDOR","allowCustom":true}}}},"buttons":[{"columnTitle":"Detail View","onClick":{"listAction":{"actionName":"openDetailView"}},"title":"Open Detail View"}],"searchOptions":{"advancedSearch":true}}', 'Products'),
	(63, NULL, 1, '{"name":"CustomerAndInvoice","dataSource":{"type":"sql","sql":"SELECT \\n  Customer.FIRSTNAME, \\n  Customer.LASTNAME, \\n  Customer.CUSTOMER_ID, \\n  Invoice_Header.PAY_METHOD, \\n  Invoice_Header.INVOICE_NUMBER, \\n  Invoice_Header.INV_DATE\\nFROM Customer Customer \\nINNER JOIN Invoice_Header Invoice_Header \\nON Customer.CUSTOMER_ID = Invoice_Header.CUSTOMER_ID","filters":[],"serverSort":[{"columnName":"FIRSTNAME","order":"asc"},{"columnName":"LASTNAME","order":"asc"}]},"mappings":{"tag":"object","flatten":true,"inDetailView":false,"keys":{"FIRSTNAME":{"tag":"data","flattenedName":"FIRSTNAME","inList":true,"inDetailView":true},"LASTNAME":{"tag":"data","flattenedName":"LASTNAME","inList":true,"inDetailView":true},"INVOICE_NUMBER":{"tag":"data","flattenedName":"INVOICE_NUMBER","inList":true,"inDetailView":false,"editType":"number"},"INV_DATE":{"tag":"data","flattenedName":"INV_DATE","inList":true,"inDetailView":true,"editType":"datetime"},"PAY_METHOD":{"tag":"data","flattenedName":"PAY_METHOD","inList":false,"inDetailView":true,"editType":"text"},"CUSTOMER_ID":{"tag":"data","flattenedName":"CUSTOMER_ID","readOnly":true,"inDetailView":true}}},"buttons":[{"columnTitle":"Detail View","onClick":{"listAction":{"actionName":"openDetailView"}},"title":"Open Detail View"}],"searchOptions":{}}', 'CustomerAndInvoice'),
	(64, NULL, 1, '{"name":"Transform API","dataSource":{"type":"json","endpoints":{"fetch":{"method":"GET","endpoint":{"tag":"template","value":"https://transform.alphasoftware.com/transformAPIVersion1.a5svc/GetFormDataArrayForFormId/QCAQL1"},"headers":{"apikey":{"tag":"argument","value":"API_KEY"}}}},"preprocess":"result => result.result"},"mappings":{"tag":"object","flatten":true,"inDetailView":false,"keys":{"product":{"tag":"data","flattenedName":"product","inList":true,"inDetailView":true},"defectGroup":{"tag":"array","flatten":true,"itemMapping":{"tag":"object","flatten":true,"keys":{"defect":{"tag":"data","inList":true,"flattenedName":"defect","inDetailView":true}}}}}},"buttons":[{"columnTitle":"Detail View","onClick":{"listAction":{"actionName":"openDetailView"}},"title":"Open Detail View"}],"searchOptions":{"advancedSearch":true}}', 'Transform API'),
	(65, NULL, 1, '{"name":"API Json","dataSource":{"type":"json","endpoints":{"fetch":{"method":"GET","endpoint":{"tag":"template","value":"https://dummyjson.com/products"}}},"preprocess":"result => result.products"},"mappings":{"tag":"object","flatten":true,"inDetailView":false,"keys":{"title":{"tag":"data","flattenedName":"title","inList":true},"description":{"tag":"data","flattenedName":"description","inList":true}}},"buttons":[],"searchOptions":{}}', 'API Json'),
	(67, '', 1, '{"name":"5SAudit","dataSource":{"type":"json","endpoints":{"fetch":{"method":"GET","endpoint":{"tag":"template","value":"https://transform.alphasoftware.com/transformAPIVersion1.a5svc/GetFormInstancesArrayForFormId/5SAudit?paginated=true&mode=Detailed&resolveMediaFields=true&getFormDefinition=false"},"headers":{"apikey":{"tag":"argument","value":"API_KEY"}}}},"preprocess":"res => res.result"},"mappings":{"tag":"object","flatten":true,"inDetailView":false,"keys":{"ID":{"tag":"data","flattenedName":"ID","readOnly":true,"inList":true,"editType":"number"},"forminstanceid":{"tag":"data","flattenedName":"forminstanceid","readOnly":true,"inList":true,"editType":"text"},"person":{"tag":"data","flattenedName":"person","displayName":"Person","inList":true,"inDetailView":true,"editType":"text"},"timestamp":{"tag":"data","flattenedName":"timestamp","displayName":"Timestamp","inList":true,"inDetailView":true,"editType":"datetime","serverDateFormat":"yyyy-MM-dd hh:mm:ss"}}},"buttons":[],"searchOptions":{"advancedSearch":false,"serverSearch":false}}', '5SAudit'),
	(70, NULL, 1, '{"name":"JSON Field","dataSource":{"type":"sql","table":"Friends"},"mappings":{"tag":"object","flatten":true,"inDetailView":false,"keys":{"FirstName":{"tag":"data","flattenedName":"FirstName","inList":true,"inDetailView":true},"Friends":{"tag":"array","flatten":false,"itemMapping":{"tag":"object","flatten":false,"keys":{"name":{"tag":"data","flattenedName":"name"}}},"inDetailView":true},"ID":{"tag":"data","flattenedName":"ID"}}},"buttons":[{"columnTitle":"Detail View","onClick":{"listAction":{"actionName":"openDetailView"}},"title":"Open Detail View"},{"columnTitle":"Friends","onClick":{"listAction":{"actionName":"openJSONSublist","configurationName":"JSON Field.Friends","tabName":"Friends of {row[\\"FirstName\\"]}","fromColumn":"Friends"}},"title":"Open Friends List"}],"searchOptions":{}}', 'JSON Field'),
	(73, '', 1, '{\r\n	"name": "buildingScorecard",\r\n	"buttons": [],\r\n	"dataSource": {\r\n		"type": "json",\r\n		"endpoints": {\r\n			"fetch": {\r\n				"endpoint": {\r\n					"tag": "template",\r\n					"value": "https://transform.alphasoftware.com/transformAPIVersion1.a5svc/GetFormInstancesArrayForFormId/buildingScorecard?paginated=true&mode=Detailed&resolveMediaFields=true&getFormDefinition=false"\r\n				},\r\n				"method": "GET",\r\n				"headers": {\r\n					"apikey": {\r\n						"tag": "argument",\r\n						"value": "API_KEY"\r\n					}\r\n				}\r\n			}\r\n		},\r\n		"preprocess": "res => res.result"\r\n	},\r\n	"searchOptions": {\r\n		"advancedSearch": false,\r\n		"serverSearch": false,\r\n	},\r\n	"mappings": {\r\n		"tag": "object",\r\n		"flatten": true,\r\n		"inDetailView": false,\r\n		"keys": {\r\n			"ID": {\r\n				"tag": "data",\r\n				"flattenedName": "ID",\r\n				"inList": true,\r\n				"readOnly": true,\r\n				"editType": "number",\r\n			},\r\n			"forminstanceid": {\r\n				"tag": "data",\r\n				"flattenedName": "forminstanceid",\r\n				"inList": true,\r\n				"readOnly": true,\r\n				"editType": "text",\r\n			},\r\n			"person": {\r\n				"tag": "data",\r\n				"flattenedName": "person",\r\n				"displayName": "Person",\r\n				"inList": true,\r\n				"inDetailView": true,\r\n				"editType": "text",\r\n			}\r\n		}\r\n	}\r\n}', 'buildingScorecard'),
	(74, '', 1, '{\r\n	"name": "CCAS",\r\n	"buttons": [],\r\n	"dataSource": {\r\n		"type": "json",\r\n		"endpoints": {\r\n			"fetch": {\r\n				"endpoint": {\r\n					"tag": "template",\r\n					"value": "https://transform.alphasoftware.com/transformAPIVersion1.a5svc/GetFormInstancesArrayForFormId/CCAS?paginated=true&mode=Detailed&resolveMediaFields=true&getFormDefinition=false"\r\n				},\r\n				"method": "GET",\r\n				"headers": {\r\n					"apikey": {\r\n						"tag": "argument",\r\n						"value": "API_KEY"\r\n					}\r\n				}\r\n			}\r\n		},\r\n		"preprocess": "res => res.result"\r\n	},\r\n	"searchOptions": {\r\n		"advancedSearch": false,\r\n		"serverSearch": false,\r\n	},\r\n	"mappings": {\r\n		"tag": "object",\r\n		"flatten": true,\r\n		"inDetailView": false,\r\n		"keys": {\r\n			"ID": {\r\n				"tag": "data",\r\n				"flattenedName": "ID",\r\n				"inList": true,\r\n				"readOnly": true,\r\n				"editType": "number",\r\n			},\r\n			"forminstanceid": {\r\n				"tag": "data",\r\n				"flattenedName": "forminstanceid",\r\n				"inList": true,\r\n				"readOnly": true,\r\n				"editType": "text",\r\n			},\r\n			"person": {\r\n				"tag": "data",\r\n				"flattenedName": "person",\r\n				"displayName": "Person",\r\n				"inList": true,\r\n				"inDetailView": true,\r\n				"editType": "text",\r\n			}\r\n		}\r\n	}\r\n}', 'CCAS'),
	(75, NULL, 1, '{"name":"INVOICE_HEADERS","dataSource":{"type":"sql","table":"invoice_header"},"mappings":{"tag":"object","flatten":true,"inDetailView":false,"keys":{"INVOICE_NUMBER":{"tag":"data","flattenedName":"INVOICE_NUMBER","inList":true,"inDetailView":true},"CUSTOMER_ID":{"tag":"data","flattenedName":"CUSTOMER_ID","inDetailView":true},"INV_DATE":{"tag":"data","flattenedName":"INV_DATE","inList":true,"editType":"datetime","inDetailView":true},"PAY_METHOD":{"tag":"data","flattenedName":"PAY_METHOD","inList":true}}},"buttons":[{"columnTitle":"Detail View","onClick":{"listAction":{"actionName":"openDetailView"}},"title":"Open Detail View"}],"searchOptions":{}}', 'INVOICE_HEADERS'),
	(76, '', 1, '{\r\n	"name": "cbp_i94w_visa_waiver",\r\n	"buttons": [],\r\n	"dataSource": {\r\n		"type": "json",\r\n		"endpoints": {\r\n			"fetch": {\r\n				"endpoint": {\r\n					"tag": "template",\r\n					"value": "https://transform.alphasoftware.com/transformAPIVersion1.a5svc/GetFormInstancesArrayForFormId/cbp_i94w_visa_waiver?paginated=true&mode=Detailed&resolveMediaFields=true&getFormDefinition=false"\r\n				},\r\n				"method": "GET",\r\n				"headers": {\r\n					"apikey": {\r\n						"tag": "argument",\r\n						"value": "API_KEY"\r\n					}\r\n				}\r\n			}\r\n		},\r\n		"preprocess": "res => res.result"\r\n	},\r\n	"searchOptions": {\r\n		"advancedSearch": false,\r\n		"serverSearch": false,\r\n	},\r\n	"mappings": {\r\n		"tag": "object",\r\n		"flatten": true,\r\n		"inDetailView": false,\r\n		"keys": {\r\n			"ID": {\r\n				"tag": "data",\r\n				"flattenedName": "ID",\r\n				"inList": true,\r\n				"readOnly": true,\r\n				"editType": "number",\r\n			},\r\n			"forminstanceid": {\r\n				"tag": "data",\r\n				"flattenedName": "forminstanceid",\r\n				"inList": true,\r\n				"readOnly": true,\r\n				"editType": "text",\r\n			},\r\n			"person": {\r\n				"tag": "data",\r\n				"flattenedName": "person",\r\n				"displayName": "Person",\r\n				"inList": true,\r\n				"inDetailView": true,\r\n				"editType": "text",\r\n			}\r\n		}\r\n	}\r\n}', 'cbp_i94w_visa_waiver'),
	(77, NULL, 1, '{"name":"JSON Field.Friends","dataSource":{"type":"json","jsonData":"[{\\"name\\":\\"Luke\\"}]"},"mappings":{"tag":"object","flatten":true,"inDetailView":false,"keys":{"name":{"tag":"data","flattenedName":"name","inList":true,"inDetailView":true}}},"buttons":[{"columnTitle":"Detail View","onClick":{"listAction":{"actionName":"openDetailView"}},"title":"Open Detail View"}],"searchOptions":{}}', 'JSON Field.Friends'),
	(78, '', 1, '{\r\n	"name": "NCR1",\r\n	"buttons": [],\r\n	"dataSource": {\r\n		"type": "json",\r\n		"endpoints": {\r\n			"fetch": {\r\n				"endpoint": {\r\n					"tag": "template",\r\n					"value": "https://transform.alphasoftware.com/transformAPIVersion1.a5svc/GetFormInstancesArrayForFormId/NCR1?paginated=true&mode=Detailed&resolveMediaFields=true&getFormDefinition=false"\r\n				},\r\n				"method": "GET",\r\n				"headers": {\r\n					"apikey": {\r\n						"tag": "argument",\r\n						"value": "API_KEY"\r\n					}\r\n				}\r\n			}\r\n		},\r\n		"preprocess": "res => res.result"\r\n	},\r\n	"searchOptions": {\r\n		"advancedSearch": false,\r\n		"serverSearch": false,\r\n	},\r\n	"mappings": {\r\n		"tag": "object",\r\n		"flatten": true,\r\n		"inDetailView": false,\r\n		"keys": {\r\n			"ID": {\r\n				"tag": "data",\r\n				"flattenedName": "ID",\r\n				"inList": true,\r\n				"readOnly": true,\r\n				"editType": "number",\r\n			},\r\n			"forminstanceid": {\r\n				"tag": "data",\r\n				"flattenedName": "forminstanceid",\r\n				"inList": true,\r\n				"readOnly": true,\r\n				"editType": "text",\r\n			},\r\n			"person": {\r\n				"tag": "data",\r\n				"flattenedName": "person",\r\n				"displayName": "Person",\r\n				"inList": true,\r\n				"inDetailView": true,\r\n				"editType": "text",\r\n			}\r\n		}\r\n	}\r\n}', 'NCR1');

-- Dumping structure for table alphasports.customer
CREATE TABLE IF NOT EXISTS `customer` (
  `CUSTOMER_ID` int(11) NOT NULL,
  `FIRSTNAME` varchar(50) NOT NULL DEFAULT '',
  `LASTNAME` varchar(50) NOT NULL DEFAULT '',
  `COMPANY` varchar(50) NOT NULL DEFAULT '',
  `PHONE` varchar(50) NOT NULL DEFAULT '',
  `FAX` varchar(50) NOT NULL DEFAULT '',
  `BILL_ADDRESS1` varchar(50) NOT NULL DEFAULT '',
  `BIL_ADDRESS2` varchar(50) NOT NULL DEFAULT '',
  `BILL_CITY` varchar(50) NOT NULL DEFAULT '',
  `BILL_STATE_REGION` varchar(50) NOT NULL DEFAULT '',
  `BILL_POSTAL_CODE` varchar(50) NOT NULL DEFAULT '',
  `BILL_COUNTRY` varchar(50) NOT NULL DEFAULT '',
  `SHIP_ADDRESS1` varchar(50) NOT NULL DEFAULT '',
  `SHIP_ADDRESS2` varchar(50) NOT NULL DEFAULT '',
  `SHIP_CITY` varchar(50) NOT NULL DEFAULT '',
  `SHIP_STATE_REGION` varchar(50) NOT NULL DEFAULT '',
  `SHIP_POSTAL_CODE` varchar(50) NOT NULL DEFAULT '',
  `SHIP_COUNTRY` varchar(50) NOT NULL DEFAULT '',
  `SHIP_SAME` int(11) NOT NULL DEFAULT 0,
  `EMAIL` varchar(50) NOT NULL DEFAULT '0',
  PRIMARY KEY (`CUSTOMER_ID`)
) ENGINE=InnoDB DEFAULT CHARSET=utf8mb4 COLLATE=utf8mb4_uca1400_ai_ci;

-- Dumping data for table alphasports.customer: ~70 rows (approximately)
DELETE FROM `customer`;
INSERT INTO `customer` (`CUSTOMER_ID`, `FIRSTNAME`, `LASTNAME`, `COMPANY`, `PHONE`, `FAX`, `BILL_ADDRESS1`, `BIL_ADDRESS2`, `BILL_CITY`, `BILL_STATE_REGION`, `BILL_POSTAL_CODE`, `BILL_COUNTRY`, `SHIP_ADDRESS1`, `SHIP_ADDRESS2`, `SHIP_CITY`, `SHIP_STATE_REGION`, `SHIP_POSTAL_CODE`, `SHIP_COUNTRY`, `SHIP_SAME`, `EMAIL`) VALUES
	(0, 'Sandy', 'Peabody', '', '', '', '', '', '', '', '', '', '', '', '', '', '', '', 0, '0'),
	(1, 'Michael', 'Graham', '', '(617) 555-1445', '(617) 223-1919', '83 Cambridge St', 'Apt 4.', 'New York', 'NY', '01000', '', '14 Winman St.', 'Apt 4.', 'Natick', 'MA', '01760', '', 0, ''),
	(4, 'David', 'Mesner', '', '(207) 555-7878', '', '45 Pueblo Lane', 'Apt 2.', 'York Beach', 'ME', '03910-2568', '', '', '', '', '', '', '', 1, ''),
	(5, 'Evan', 'Feld', '', '(914) 555-6367', '', '35 Actuarium Lane', 'Bldg. 3', 'Acra', 'NY', '12405', 'USA', '', '', '', '', '', '', 1, ''),
	(6, 'Jason', 'Riagan', 'South Bend Auto', '(202) 555-8100', '', '21 Porter St.', '', 'Washington', 'DC', '20000', '', '', '', '', '', '', '', 1, 'jason@rigan.com'),
	(7, 'Lee Ann', 'Mederos', 'Lee Ann Inc.', '(617) 555-6345', '', '23 Lorraine Terr.', 'Suite 23', 'Arlington', 'MA', '02174-1046', '', '', '', '', '', '', '', 1, 'lee@leeann.com'),
	(8, 'Jenny', 'Cario', '', '(617) 555-5421', '', '46 Hamelton Rd.', '', 'Arlington', 'MA', '02174', '', '', '', '', '', '', '', 1, ''),
	(9, 'Thomas', 'McMiggan', 'EuroTrech', '(617) 555-3445', '(617) 655-2321', '9 Cambridge Terr.', 'Suite 3', 'Cambridge', 'MA', '02163', 'United States', '', '', '', '', '', '', 1, ''),
	(10, 'Bryan', 'Dubi', '', '(914) 555-9900', '', '124 Concord Ave', '', 'Buffalo', 'NY', '03482', '', '', '', '', '', '', '', 1, ''),
	(11, 'Willy', 'Winka', '', '(909) 555-3823', '', '1 Chocolate Ln', '', 'Los Angeles', 'CA', '90083-0157', '', '', '', '', '', '', '', 1, ''),
	(12, 'Larry', 'Eagle', 'Eagle Snacks', '(602) 555-8500', '', '2 E River Rd.', '', 'Tucson', 'AZ', '85719', '', '', '', '', '', '', '', 1, ''),
	(13, 'Courtney', 'Grove', 'GroveMart', '(804) 555-5434', '', '19 Alma Avenue', 'Suite 23', 'Arlington', 'VA', '22205', 'United States', '19 Alma Avenue', 'Suite 23', 'Arlington', 'VA', '22205', 'United States', 0, ''),
	(14, 'Yvonne', 'Harrington', '', '(909) 555-6080', '', '14 Ridge Rd', '', 'Los Angeles', 'CA', '90083', '', '', '', '', '', '', '', 1, ''),
	(15, 'Gloria', 'Wilson', '', '(702) 555-8645', '', '123 Concerto Rd.', '', 'Las Vegas', 'NV', '89102-2712', '', '123 Concerto Rd.', '', 'Las Vegas', 'NV', '89102-2712', '', 0, ''),
	(16, 'Dillan', 'Macabe', '', '(602) 555-1012', '', '49 Rich St.', '', 'Tucson', 'AZ', '85716', '', '', '', '', '', '', '', 1, ''),
	(17, 'Frank', 'Meyers', '', '(606) 555-0200', '', '64 Movie St', '', 'Louisville', 'KY', '40203', '', '', '', '', '', '', '', 1, ''),
	(18, 'George', 'Boschetti', '', '(803) 555-6143', '', '27 Carey Ave', '', 'Bishopville', 'SC', '29010', '', '', '', '', '', '', '', 1, ''),
	(19, 'Gretta', 'Jennings', '', '(614) 555-5856', '', '272 Pleasent St.', '', 'Marion', 'OH', '43301-1555', '', '', '', '', '', '', '', 1, ''),
	(20, 'Judy', 'Clifton', '', '(804) 555-3800', '', '43 Prudence Dr', 'Apt. 3', 'Charlotsville', 'VA', '21876-0227', '', '', '', '', '', '', '', 1, ''),
	(21, 'Joan', 'McAndrews', '', '(909) 555-7711', '', '2 Hollywood St.', '', 'Los Angeles', 'CA', '90085-1827', '', '', '', '', '', '', '', 1, ''),
	(22, 'Michael', 'Johnson', '', '(602) 555-9545', '', '23 Champion St.', '', 'Tucson', 'AZ', '85720', '', '', '', '', '', '', '', 1, ''),
	(23, 'Daisey', 'Oakley', '', '(901) 555-2590', '', '90 Old Creek Rd', '', 'La Vergne', 'TN', '37089-1581', '', '', '', '', '', '', '', 1, ''),
	(24, 'Juanita', 'Hall', '', '(809) 555-8888', '', '145 Union Ave', '', 'San Juan', 'PR', '00975-0713', '', '', '', '', '', '', '', 1, ''),
	(25, 'Michael', 'Phillips', '', '(914) 555-3800', '', '113 Elm Ave', 'Apt. Basement', 'New York', 'NY', '10034-1121', '', '', '', '', '', '', '', 1, ''),
	(26, 'James', 'Kirk', 'Starships Inc.', '(908) 555-2432', '', '10 New World Dr.', 'Apt. 1', 'Beverly', 'NJ', '08010', '', '30 Universal Drive', 'Bay 5', 'Concord', 'NH', '02234', 'USA', 0, ''),
	(27, 'DeForest', 'Kelley', '', '(617) 555-2100', '', '75 Walnut St.', '', 'Belmont', 'MA', '02178', '', '', '', '', '', '', '', 1, ''),
	(28, 'Sally', 'Wong', '', '(617) 555-2999', '', '41 Trapezo Rd.', 'Apt. 2B', 'Newtonville', 'MA', '02165', '', '', '', '', '', '', '', 1, ''),
	(29, 'Cathy', 'Hite', '', '(617) 555-7400', '', '45 Beacon Street', '', 'Berlin', 'MA', '01503', '', '', '', '', '', '', '', 1, ''),
	(30, 'Herb', 'Copen', '', '(617) 555-3078', '', '45 Federal Street', 'Apartment 22B', 'Princeton', 'MA', '01541', '', '', '', '', '', '', '', 1, ''),
	(31, 'Dean', 'McDonald', '', '(617) 555-1512', '', '6 Prudential Center', '', 'Rochdale', 'MA', '01542', '', '', '', '', '', '', '', 1, ''),
	(32, 'Winston', 'Abrams', '', '(402) 555-6112', '', '179 May Lane', '', 'Broadwater', 'NE', '69125', '', '179 May Lane', '', 'Broadwater', 'NE', '69125', '', 0, 'tom@alphasoftware.com'),
	(33, 'Ed', 'Jenkins', '', '(402) 555-2667', '', 'York Place', '', 'Cozad', 'NE', '69130-2136', 'United States', '', '', '', '', '', '', 1, ''),
	(34, 'Linda', 'Dodds', '', '(602) 555-5499', '', '16 Newbury Street', '', 'Phoenix', 'AZ', '85603', '', '', '', '', '', '', '', 1, ''),
	(35, 'James', 'Smithson', '', '(617) 555-0300', '', '10 North Ave', '', 'Burlington', 'MA', '01803-2647', '', '', '', '', '', '', '', 1, ''),
	(36, 'Steven', 'Wendell', '', '(617) 555-6490', '', '42 Melrose Avenue', '', 'South Chelmsford', 'MA', '01824', '', '', '', '', '', '', '', 1, ''),
	(37, 'Wendy', 'Richardson', '', '(617) 555-6289', '', '30 B Street', '', 'Groveland', 'MA', '01834-2046', '', '', '', '', '', '', '', 1, ''),
	(38, 'Fred', 'King', '', '(617) 555-5100', '', '163 Cambridge Road', 'Suite 1a', 'Winchester', 'MA', '01890', '', '', '', '', '', '', '', 1, ''),
	(39, 'Martin', 'Dawson', '', '(617) 555-3455', '', '27 Summer Street', 'Room 1A', 'Newburyport', 'MA', '01950', '', '27 Summer Street', 'Room 1A', 'Newburyport', 'MA', '01950', '', 0, ''),
	(40, 'Mary', 'McDonald', '', '(617) 555-0945', '', '23 Circle St', 'Room 201', 'Boston', 'MA', '02115', '', '', '', '', '', '', '', 1, ''),
	(41, 'Robert', 'Smith', '', '(617) 555-1512', '', '6 Executive Park', 'Building 12', 'Cambridge', 'MA', '02139-1871', '', '', '', '', '', '', '', 1, ''),
	(42, 'Robert', 'Fuller', '', '(617) 555-6255', '', '8 Zenith Drive', '', 'Cambridge', 'MA', '02139', '', '', '', '', '', '', '', 1, ''),
	(43, 'Fred', 'Jones', 'Smart Stuffing', '(617) 555-8433', '', '12 Main Street', '', 'Cambridge', 'MA', '02139-1944', 'USA', '', '', '', '', '', '', 1, ''),
	(44, 'Richard', 'Queen', '', '(617) 555-3511', '', '477 Cider Mill Drive', '', 'Boston', 'MA', '02199-2868', '', '', '', '', '', '', '', 1, ''),
	(45, 'Lew', 'Litton', '', '(401) 555-1332', '', '1715 Cherry Street', '', 'Providence', 'RI', '02906', '', '', '', '', '', '', '', 1, ''),
	(46, 'Maurice', 'Oscar', '', '(603) 555-1257', '', '12003 Saxon Street', '', 'Portsmouth', 'NH', '03801', '', '', '', '', '', '', '', 1, ''),
	(47, 'Brad', 'James', '', '(207) 555-9489', '', '185 Albany St', '12th Floor', 'Westbrook', 'ME', '04092', '', '', '', '', '', '', '', 1, ''),
	(48, 'Leonard', 'Burtonski', '', '(909) 555-2534', '', '14019 Pike Road', '', 'Los Angeles', 'CA', '90085', '', '', '', '', '', '', '', 1, ''),
	(49, 'Simon', 'White', '', '(203) 555-7000', '', 'One Center Place', 'Room 1276', 'Riverside', 'CT', '06878', '', '', '', '', '', '', '', 1, ''),
	(50, 'Lucy', 'Smallwood', '', '(908) 555-1268', '', '7892 Sycamore Drive', '', 'Sayreville', 'NJ', '08871', '', '', '', '', '', '', '', 1, ''),
	(51, 'Ronald', 'Carr', '', '(914) 555-2000', '', '30985 Hayward Ave', '', 'East White Plains', 'NY', '10604-0344', '', '', '', '', '', '', '', 1, ''),
	(52, 'Tommy', 'Barber', '', '(914) 555-8700', '', 'One Richmond Square', 'Suite 121', 'Brooklyn', 'NY', '11201-2787', '', '', '', '', '', '', '', 1, ''),
	(53, 'Maggie', 'Morton', '', '(804) 555-3490', '', '83 Gravesend Neck Rd', '', 'Arlington', 'VA', '22201', '', '', '', '', '', '', '', 1, ''),
	(54, 'Jeffrey', 'Bernstein', '', '(914) 555-0987', '', '510 East 10th Street', 'Apt. 9W', 'New York', 'NY', '10019-1186', '', '', '', '', '', '', '', 1, ''),
	(56, 'Randi', 'Adams', '', '(808) 555-6721', '(808) 555-7500', '9 Lakeshore Drive', 'Apt. 2', 'Koloa', 'HI', '96756', '', '', '', '', '', '', '', 1, ''),
	(57, 'Joe', 'Smith', '', '(602) 555-5054', '', '30 Hollow Ridge Court', 'P.O. Box 1222', 'Phoenix', 'AZ', '85603', '', '', '', '', '', '', '', 1, ''),
	(58, 'Thomas', 'Harris', '', '(914) 555-4590', '(914) 555-6464', '29 Virginia Blvd.', '', 'Latham', 'NY', '12111', '', '', '', '', '', '', '', 1, ''),
	(59, 'Peter', 'Harrison', '', '(909) 555-1330', '', '28 Main St.', '', 'Los Angeles', 'CA', '90083', '', '', '', '', '', '', '', 1, ''),
	(60, 'James', 'Mahoney', '', '(310) 555-9812', '', '2835 Palos Verdes Drive East', '', 'Rancho Palos Verdes', 'CA', '90274', '', '', '', '', '', '', '', 1, ''),
	(61, 'Jeff', 'Emry', '', '', '', '123 Main', '', 'London', 'Ky', '', '', '', '', '', '', '', '', 0, ''),
	(72, 'John', 'Bower', '', '', '', '', '', '', '', '', '', '', '', '', '', '', '', 0, ''),
	(73, 'John', 'Bower', '', '', '', '', '', '', '', '', '', '', '', '', '', '', '', 0, ''),
	(74, 'Ryan', 'Mack', '', '', '', '', '', '', '', '', '', '', '', '', '', '', '', 0, ''),
	(75, 'Ryan', 'Mack', '', '', '', '', '', '', '', '', '', '', '', '', '', '', '', 0, ''),
	(76, 'Ryan', 'Mack', '', '', '', '', '', '', '', '', '', '', '', '', '', '', '', 0, ''),
	(78, 'Matt', 'Ryan', '', '', '', '', '', '', '', '', '', '', '', '', '', '', '', 0, ''),
	(79, 'Emma', 'Jane', '', '', '', '', '', '', '', '', '', '', '', '', '', '', '', 0, ''),
	(93, 'Tommy', 'Manning', '', '', '', '', '', '', '', '', '', '', '', '', '', '', '', 0, ''),
	(95, 'Json', 'Mraz', '', '', '', '', '', '', '', '', '', '', '', '', '', '', '', 0, ''),
	(97, 'Luke', 'LaBonte', '', '', '', '', '', '', '', '', '', '', '', '', '', '', '', 0, ''),
	(98, 'Emma', 'Johnson', '', '', '', '', '', '', '', '', '', '', '', '', '', '', '', 0, '');

-- Dumping structure for table alphasports.friends
CREATE TABLE IF NOT EXISTS `friends` (
  `ID` int(11) NOT NULL,
  `FirstName` varchar(50) NOT NULL DEFAULT '',
  `Friends` varchar(50) NOT NULL DEFAULT '',
  PRIMARY KEY (`ID`)
) ENGINE=InnoDB DEFAULT CHARSET=utf8mb4 COLLATE=utf8mb4_uca1400_ai_ci;

-- Dumping data for table alphasports.friends: ~3 rows (approximately)
DELETE FROM `friends`;
INSERT INTO `friends` (`ID`, `FirstName`, `Friends`) VALUES
	(4, 'Emma', '[{"name": "Luke"}]'),
	(6, 'Joe', '[]'),
	(7, 'Luke', '[{"name":"Emma J"}]');

-- Dumping structure for table alphasports.invoice_header
CREATE TABLE IF NOT EXISTS `invoice_header` (
  `INVOICE_NUMBER` int(11) NOT NULL,
  `CUSTOMER_ID` int(11) NOT NULL,
  `INV_DATE` datetime NOT NULL,
  `DELIVERY_BY` varchar(50) NOT NULL DEFAULT '',
  `PAY_METHOD` varchar(50) NOT NULL DEFAULT '',
  `SALES_REP` int(11) NOT NULL DEFAULT 0,
  PRIMARY KEY (`INVOICE_NUMBER`)
) ENGINE=InnoDB DEFAULT CHARSET=utf8mb4 COLLATE=utf8mb4_uca1400_ai_ci;

-- Dumping data for table alphasports.invoice_header: ~32 rows (approximately)
DELETE FROM `invoice_header`;
INSERT INTO `invoice_header` (`INVOICE_NUMBER`, `CUSTOMER_ID`, `INV_DATE`, `DELIVERY_BY`, `PAY_METHOD`, `SALES_REP`) VALUES
	(2, 6, '2025-03-07 00:00:00', 'US Mail Priority', 'Cash', 2),
	(3, 4, '2025-03-03 00:00:00', 'PM Delivery', 'MCard', 3),
	(4, 5, '2002-01-11 00:00:00', 'Bulk Rate Post', 'Visa', 4),
	(5, 12, '2002-01-12 00:00:00', 'US Mail Priority', 'Cash', 5),
	(6, 13, '2002-01-12 00:00:00', 'Bulk Rate Post', 'Other', 6),
	(7, 9, '2002-01-13 00:00:00', 'UPS Priority', 'Check', 7),
	(8, 33, '2002-01-13 00:00:00', 'US Mail Priority', 'Visa', 3),
	(9, 32, '2002-01-14 00:00:00', 'US Mail Priority', 'Cash', 4),
	(10, 31, '2002-01-14 00:00:00', 'PM Delivery', 'MCard', 2),
	(11, 5, '2002-01-15 00:00:00', 'Bulk Rate Post', 'Visa', 3),
	(12, 12, '2002-01-15 00:00:00', 'US Mail Priority', 'Cash', 1),
	(13, 39, '2002-01-16 00:00:00', 'Bulk Rate Post', 'Other', 2),
	(14, 17, '2002-01-16 00:00:00', 'UPS Priority', 'Check', 3),
	(15, 19, '2002-01-17 00:00:00', 'US Mail Priority', 'Visa', 4),
	(16, 6, '2002-01-17 00:00:00', 'US Mail Priority', 'Cash', 5),
	(17, 4, '2002-01-18 00:00:00', 'PM Delivery', 'MCard', 7),
	(18, 2, '2002-01-18 00:00:00', 'Bulk Rate Post', 'Visa', 1),
	(19, 1, '2025-03-29 00:00:00', 'US Mail Priority', 'Cash', 2),
	(20, 9, '2002-01-19 00:00:00', 'Bulk Rate Post', 'Other', 2),
	(21, 22, '2002-01-20 00:00:00', 'UPS Priority', 'Check', 2),
	(22, 27, '2002-01-20 00:00:00', 'US Mail Priority', 'Visa', 4),
	(23, 31, '2002-01-21 00:00:00', 'US Mail Priority', 'Cash', 5),
	(24, 51, '2002-01-21 00:00:00', 'PM Delivery', 'MCard', 1),
	(25, 56, '2002-01-22 00:00:00', 'Bulk Rate Post', 'Visa', 2),
	(26, 49, '2002-01-22 00:00:00', 'US Mail Priority', 'Cash', 3),
	(27, 29, '2025-03-06 00:00:00', 'Bulk Rate Post', 'Other', 5),
	(28, 23, '2002-01-23 00:00:00', 'UPS Priority', 'Check', 6),
	(29, 11, '2002-07-11 00:00:00', '', '', 8),
	(30, 7, '2002-07-14 00:00:00', 'US Mail Priority', '', 3),
	(31, 1, '2002-09-12 00:00:00', '', 'Check', 1),
	(50, 93, '2025-03-27 00:00:00', '', '', 0),
	(52, 95, '2025-02-04 00:00:00', '', 'INV', 0);

-- Dumping structure for table alphasports.invoice_items
CREATE TABLE IF NOT EXISTS `invoice_items` (
  `ID` int(11) NOT NULL,
  `INVOICE_NUMBER` int(11) NOT NULL,
  `PRODUCT_ID` varchar(50) NOT NULL DEFAULT '',
  `PRICE` decimal(20,6) NOT NULL DEFAULT 0.000000,
  `QUANTITY` int(11) NOT NULL DEFAULT 0,
  `EXTENSION` decimal(20,6) NOT NULL DEFAULT 0.000000,
  PRIMARY KEY (`ID`)
) ENGINE=InnoDB DEFAULT CHARSET=utf8mb4 COLLATE=utf8mb4_uca1400_ai_ci;

-- Dumping data for table alphasports.invoice_items: ~111 rows (approximately)
DELETE FROM `invoice_items`;
INSERT INTO `invoice_items` (`ID`, `INVOICE_NUMBER`, `PRODUCT_ID`, `PRICE`, `QUANTITY`, `EXTENSION`) VALUES
	(1, 1, 'P031', 41.220000, 7, 288.540000),
	(2, 1, 'P009', 18.840000, 6, 113.040000),
	(3, 1, 'P059', 20.010000, 7, 140.070000),
	(4, 1, 'P034', 5.880000, 5, 29.400000),
	(5, 2, 'P037', 11.770000, 3, 35.310000),
	(6, 2, 'P010', 235.610000, 1, 235.610000),
	(7, 3, 'P019', 94.240000, 3, 282.720000),
	(8, 3, 'P034', 5.300000, 2, 10.600000),
	(9, 3, 'P005', 3.520000, 1, 3.520000),
	(10, 4, 'P006', 353.420000, 1, 353.420000),
	(11, 4, 'P012', 7.060000, 3, 21.180000),
	(12, 4, 'P010', 235.610000, 1, 235.610000),
	(13, 5, 'P013', 4.700000, 2, 9.400000),
	(14, 5, 'P018', 15.250000, 7, 106.750000),
	(15, 5, 'P012', 7.060000, 7, 49.420000),
	(16, 6, 'P023', 2.350000, 2, 4.700000),
	(17, 6, 'P012', 7.060000, 1, 7.060000),
	(18, 6, 'P110', 53.000000, 3, 159.000000),
	(19, 6, 'P017', 3.520000, 4, 14.080000),
	(20, 7, 'P018', 32.000000, 7, 224.000000),
	(21, 7, 'P019', 94.240000, 7, 659.680000),
	(22, 7, 'P021', 1.750000, 5, 8.750000),
	(23, 7, 'P074', 176.700000, 2, 353.400000),
	(24, 8, 'P022', 15.300000, 6, 91.800000),
	(25, 8, 'P030', 21.200000, 7, 148.400000),
	(26, 9, 'P022', 15.300000, 7, 107.100000),
	(27, 10, 'P009', 18.840000, 2, 37.680000),
	(28, 10, 'P023', 2.350000, 7, 16.450000),
	(29, 10, 'P021', 1.750000, 3, 5.250000),
	(30, 11, 'P023', 2.350000, 5, 11.750000),
	(31, 11, 'P018', 15.250000, 2, 30.500000),
	(32, 11, 'P024', 29.440000, 5, 147.200000),
	(33, 11, 'P013', 4.700000, 1, 4.700000),
	(34, 12, 'P039', 8.230000, 1, 8.230000),
	(35, 12, 'P033', 4.700000, 3, 14.100000),
	(36, 13, 'P001', 7.060000, 1, 7.060000),
	(37, 13, 'P022', 15.300000, 6, 91.800000),
	(38, 13, 'P035', 11.770000, 6, 70.620000),
	(39, 13, 'P014', 5.880000, 7, 41.160000),
	(40, 14, 'P028', 8.230000, 5, 41.150000),
	(41, 14, 'P041', 17.660000, 6, 105.960000),
	(42, 14, 'P031', 41.220000, 3, 123.660000),
	(43, 15, 'P033', 4.700000, 6, 28.200000),
	(44, 15, 'P044', 4.700000, 2, 9.400000),
	(45, 15, 'P040', 23.550000, 5, 117.750000),
	(46, 16, 'P125', 3.520000, 6, 21.120000),
	(47, 16, 'P001', 7.060000, 5, 35.300000),
	(48, 17, 'P032', 29.440000, 1, 29.440000),
	(49, 17, 'P026', 17.660000, 4, 70.640000),
	(50, 18, 'P058', 35.330000, 7, 247.310000),
	(51, 18, 'P001', 5.990000, 6, 35.940000),
	(52, 18, 'P052', 18.840000, 7, 131.880000),
	(53, 18, 'P106', 49.990000, 2, 99.980000),
	(54, 18, 'P060', 24.990000, 5, 124.950000),
	(55, 19, 'P037', 11.770000, 3, 35.310000),
	(56, 19, 'P035', 11.770000, 1, 11.770000),
	(57, 19, 'P019', 94.240000, 3, 282.720000),
	(58, 20, 'P034', 5.300000, 2, 10.600000),
	(59, 20, 'P005', 3.520000, 1, 3.520000),
	(60, 20, 'P006', 353.420000, 1, 353.420000),
	(61, 21, 'P012', 7.060000, 3, 21.180000),
	(62, 21, 'P010', 235.610000, 1, 235.610000),
	(63, 21, 'P013', 4.700000, 2, 9.400000),
	(64, 21, 'P018', 15.250000, 7, 106.750000),
	(65, 21, 'P012', 7.060000, 7, 49.420000),
	(66, 22, 'P023', 2.350000, 2, 4.700000),
	(67, 22, 'P012', 7.060000, 1, 7.060000),
	(68, 23, 'P022', 15.300000, 3, 45.900000),
	(69, 24, 'P017', 3.520000, 4, 14.080000),
	(70, 24, 'P018', 32.000000, 7, 224.000000),
	(71, 24, 'P019', 94.240000, 7, 659.680000),
	(72, 25, 'P021', 1.750000, 5, 8.750000),
	(73, 25, 'P074', 176.700000, 2, 353.400000),
	(74, 25, 'P022', 15.300000, 6, 91.800000),
	(75, 25, 'P030', 21.200000, 7, 148.400000),
	(76, 26, 'P022', 15.300000, 7, 107.100000),
	(77, 26, 'P009', 18.840000, 2, 37.680000),
	(78, 26, 'P023', 2.350000, 7, 16.450000),
	(79, 26, 'P010', 235.610000, 3, 706.830000),
	(80, 26, 'P023', 2.350000, 5, 11.750000),
	(81, 26, 'P018', 15.250000, 2, 30.500000),
	(82, 27, 'P024', 29.440000, 5, 147.200000),
	(83, 27, 'P013', 4.700000, 1, 4.700000),
	(84, 27, 'P039', 8.230000, 1, 8.230000),
	(85, 27, 'P033', 4.700000, 3, 14.100000),
	(86, 27, 'P001', 7.060000, 1, 7.060000),
	(87, 27, 'P022', 15.300000, 6, 91.800000),
	(88, 27, 'P035', 11.770000, 6, 70.620000),
	(89, 28, 'P014', 5.880000, 7, 41.160000),
	(90, 28, 'P028', 8.230000, 5, 41.150000),
	(91, 28, 'P041', 17.660000, 6, 105.960000),
	(92, 28, 'P031', 41.220000, 3, 123.660000),
	(93, 28, 'P033', 4.700000, 6, 28.200000),
	(94, 28, 'P044', 4.700000, 2, 9.400000),
	(95, 28, 'P040', 23.550000, 5, 117.750000),
	(96, 28, 'P125', 3.520000, 6, 21.120000),
	(97, 28, 'P001', 7.060000, 5, 35.300000),
	(98, 28, 'P032', 29.440000, 1, 29.440000),
	(99, 28, 'P026', 17.660000, 4, 70.640000),
	(100, 1, 'P103', 47.110000, 5, 235.550000),
	(101, 29, 'P025', 23.550000, 2, 47.100000),
	(102, 29, 'P006', 353.420000, 1, 353.420000),
	(103, 30, 'P006', 353.420000, 1, 353.420000),
	(104, 30, 'P115', 58.890000, 1, 58.890000),
	(105, 30, 'P035', 11.770000, 2, 23.540000),
	(106, 30, 'P112', 23.550000, 3, 70.650000),
	(107, 3, 'P112', 23.550000, 4, 94.200000),
	(108, 31, 'P037', 11.770000, 1, 11.770000),
	(109, 3, 'P006', 353.420000, 6, 2120.520000),
	(110, 4, 'P111', 94.240000, 4, 376.960000),
	(111, 5, 'P002', 47.110000, 3, 141.330000);

-- Dumping structure for table alphasports.product
CREATE TABLE IF NOT EXISTS `product` (
  `PRODUCT_ID` varchar(50) NOT NULL,
  `DESCRIPTION` varchar(50) NOT NULL,
  `COST` decimal(20,6) NOT NULL DEFAULT 0.000000,
  `RETAIL` decimal(20,6) NOT NULL DEFAULT 0.000000,
  `RE_ORDER_QTY` int(11) NOT NULL DEFAULT 0,
  `VENDOR` varchar(50) NOT NULL DEFAULT '0',
  `QTY_IN_STOCK` int(11) NOT NULL DEFAULT 0,
  PRIMARY KEY (`PRODUCT_ID`)
) ENGINE=InnoDB DEFAULT CHARSET=utf8mb4 COLLATE=utf8mb4_uca1400_ai_ci;

-- Dumping data for table alphasports.product: ~124 rows (approximately)
DELETE FROM `product`;
INSERT INTO `product` (`PRODUCT_ID`, `DESCRIPTION`, `COST`, `RETAIL`, `RE_ORDER_QTY`, `VENDOR`, `QTY_IN_STOCK`) VALUES
	('P001', 'UnoFold Quick Dry Socks', 2.500000, 7.060000, 10, 'V006', 104),
	('P002', 'Victor 100% Cotton  Sweatshirt', 21.500000, 47.110000, 5, 'V002', 120),
	('P003', 'Nuprene 1 Qt. Bottle', 1.750000, 4.700000, 8, 'V006', 102),
	('P004', 'BiltRite 2 Person Tent', 14.500000, 29.440000, 3, 'V006', 104),
	('P005', 'Black Forest Bug Repellant', 1.250000, 3.520000, 10, 'V006', 7),
	('P006', 'Arctic Trek Dome Tent', 200.000000, 353.420000, 5, 'V004', 93),
	('P007', 'Safe-T H20 Purification Tablets', 0.980000, 3.520000, 5, 'V006', 120),
	('P008', 'NuTech Hiking Boot (Women\'s)', 22.880000, 58.890000, 20, 'V002', 112),
	('P009', 'TrueNorth Compass', 6.880000, 18.840000, 5, 'V002', 103),
	('P010', 'Slazinger Cricket Bat', 135.000000, 235.610000, 5, 'V001', 107),
	('P011', 'Ray Block Sunglasses', 12.250000, 47.110000, 12, 'V002', 107),
	('P012', 'DuoFold Quick Dry Socks', 2.250000, 7.060000, 10, 'V006', 3),
	('P013', 'MaxiMag Replacement Bulbs', 1.500000, 4.700000, 10, 'V006', 107),
	('P014', 'Ribbit Sunglasses Strap', 1.250000, 5.880000, 5, 'V002', 106),
	('P015', 'UnoFold Thernal Underwear', 4.990000, 15.300000, 10, 'V006', 127),
	('P016', 'Techelon Graphite Racquet', 21.500000, 47.110000, 5, 'V003', 105),
	('P017', 'Cali Pressureless Racquetballs', 1.250000, 3.520000, 15, 'V003', 108),
	('P018', 'Techelon Safety Glasses', 5.500000, 15.250000, 5, 'V003', 85),
	('P019', 'Techelon Hybrid Racquet', 42.000000, 94.240000, 3, 'V003', 93),
	('P020', 'Spencer Basketball Hoop', 22.500000, 58.890000, 5, 'V003', 103),
	('P021', 'EZ Lite Waterproof Matches', 0.490000, 1.750000, 5, 'V006', 110),
	('P022', 'GoodSport Air Pump', 6.990000, 15.300000, 5, 'V003', 82),
	('P023', 'GoodSport Ball Inflation Needle', 0.980000, 2.350000, 10, 'V003', 95),
	('P024', 'Victor 100% Cotton Sweatpants', 12.880000, 29.440000, 5, 'V002', 109),
	('P025', 'Spencer Basketball', 10.500000, 23.550000, 5, 'V003', 124),
	('P026', 'Techelon Knee Pads', 5.750000, 17.660000, 10, 'V003', 108),
	('P027', 'Rider Athletic Socks - 3 Pack', 2.500000, 8.230000, 5, 'V002', 114),
	('P028', 'Ultima X Flying Disc', 2.750000, 8.230000, 5, 'V003', 103),
	('P029', 'SIP Metal Whistle', 1.980000, 5.880000, 5, 'V005', 105),
	('P030', 'SIP Stop Watch', 6.990000, 21.200000, 12, 'V005', 112),
	('P031', 'SIP Binoculars', 12.880000, 41.220000, 3, 'V005', 107),
	('P032', 'Trails\' Mini Propane Stove', 14.000000, 29.440000, 5, 'V005', 104),
	('P033', 'Pearlman Propane Canister', 1.880000, 4.700000, 10, 'V006', 101),
	('P034', 'Reeler\'s 40 # Fishing Line 200\'', 1.250000, 5.880000, 10, 'V004', 108),
	('P035', 'Alpha Sports T-Shirt', 5.990000, 11.770000, 5, 'V002', 119),
	('P036', 'Alpha Sports Fishing Hat', 3.990000, 11.770000, 5, 'V002', 122),
	('P037', 'Alpha Sports Cap', 4.800000, 11.770000, 5, 'V002', 135),
	('P038', 'Blue Hawaii Fishing Rod', 32.000000, 58.890000, 6, 'V004', 106),
	('P039', 'Jed\'s Hand Wound Lures', 2.750000, 8.230000, 10, 'V004', 120),
	('P040', 'Blue Hawaii Fishing Net', 8.750000, 23.550000, 3, 'V004', 99),
	('P041', 'Trails\' Stainless Steel Mess Kit', 7.800000, 17.660000, 5, 'V006', 105),
	('P042', 'Reeler\'s Tackle Box', 7.000000, 17.660000, 10, 'V004', 108),
	('P043', 'Reeler\'s Fishing Weights', 1.880000, 5.880000, 5, 'V004', 110),
	('P044', 'Reeler\'s Bobbin Assortment', 1.250000, 4.700000, 12, 'V004', 109),
	('P045', 'Alpha Sports Sweatband', 1.750000, 5.880000, 5, 'V002', 102),
	('P046', 'Stuart Surridge Cricket Ball', 22.000000, 58.890000, 5, 'V001', 105),
	('P048', 'Garfield Sobers\' Bail Set', 8.750000, 23.550000, 5, 'V001', 108),
	('P049', 'NuTech Hiking Boot (Men\'s)', 22.880000, 58.890000, 20, 'V002', 115),
	('P050', 'TruBalance Running Shoe (Men)', 23.000000, 53.000000, 5, 'V002', 113),
	('P051', 'TruBalance Running Shoe (Women)', 23.000000, 53.000000, 5, 'V002', 118),
	('P052', 'Arctic Trek Wool Mittens', 10.500000, 18.840000, 5, 'V006', 112),
	('P053', 'Arctic Trek Wool Cap', 3.990000, 9.410000, 5, 'V006', 115),
	('P054', 'React Ski Poles', 14.500000, 29.440000, 24, 'V003', 126),
	('P055', 'Arctica Ski Boots', 68.000000, 147.250000, 5, 'V003', 114),
	('P056', 'Arctica Downhill Skis', 78.000000, 176.700000, 5, 'V003', 111),
	('P057', 'Madison Cross Country Skis', 39.000000, 82.460000, 14, 'V003', 114),
	('P058', 'NuTech Ski Gloves', 14.000000, 35.330000, 20, 'V002', 120),
	('P059', 'EuroPal Pocket Knife', 8.500000, 20.010000, 5, 'V006', 111),
	('P060', 'Noonan\'s 48 Qt Cooler', 12.000000, 29.440000, 6, 'V006', 103),
	('P061', 'Flexall Dual Stack Gym Machine', 500.000000, 941.310000, 1, 'V005', 101),
	('P062', 'EverStrong Bench Press', 68.000000, 147.250000, 5, 'V005', 102),
	('P063', 'EverStrong Excercise Mat', 8.000000, 23.550000, 5, 'V005', 101),
	('P064', 'Live Free Treadmill', 375.000000, 706.850000, 2, 'V005', 102),
	('P065', 'Flexall Rowing Machine', 65.000000, 176.700000, 5, 'V005', 104),
	('P066', 'Live Free Stair Machine', 160.000000, 265.060000, 5, 'V005', 105),
	('P067', 'Live Free Exercise Bike', 80.000000, 176.700000, 3, 'V005', 103),
	('P068', 'Racer\'s Choice Ski Goggles', 15.000000, 29.440000, 12, 'V003', 111),
	('P069', 'Johnson 11 Piece Golf Set', 140.000000, 294.510000, 10, 'V001', 109),
	('P070', 'Spencer Golf Bag', 22.500000, 58.890000, 5, 'V004', 106),
	('P071', 'Spencer Golf Bag Cart', 27.500000, 82.460000, 5, 'V004', 104),
	('P072', 'Long Flite Golf Balls 1 Dozen', 9.750000, 25.910000, 20, 'V004', 115),
	('P073', 'Techelon Graphite Tennis Racket', 24.500000, 70.680000, 5, 'V003', 107),
	('P074', 'Techelon Hi-Performance Racket', 78.000000, 176.700000, 5, 'V003', 102),
	('P075', 'Techelon Racket Bag', 13.250000, 29.440000, 5, 'V003', 112),
	('P076', 'Spencer Gym Bag', 11.250000, 29.440000, 6, 'V004', 107),
	('P077', 'Spencer Bowling Ball Bag', 22.250000, 53.000000, 5, 'V004', 104),
	('P078', 'Johnson Bowling Ball', 21.500000, 58.890000, 6, 'V001', 106),
	('P079', 'Johnson 6 Player Croquet Set', 38.500000, 94.240000, 4, 'V001', 105),
	('P080', 'Spencer Backboard Set', 158.000000, 306.300000, 5, 'V004', 102),
	('P081', 'Spencer Batting T', 5.250000, 14.130000, 5, 'V004', 106),
	('P082', 'Spencer Baseball Glove', 17.800000, 41.220000, 5, 'V004', 102),
	('P083', 'Frequent Flyer Baseball', 2.250000, 5.880000, 5, 'V004', 108),
	('P084', 'Frequent Flyer Softball', 3.120000, 8.230000, 5, 'V004', 106),
	('P085', 'ACE Baseball Glove Conditioner', 0.780000, 2.350000, 5, 'V004', 108),
	('P086', 'Frequent Flyer Batter\'s Glove', 10.500000, 23.550000, 5, 'V004', 106),
	('P087', 'Spencer Aluminum Bat', 42.000000, 82.460000, 15, 'V004', 112),
	('P088', 'Spencer Wood Bat', 12.250000, 29.440000, 5, 'V004', 114),
	('P089', 'Frequent Flyer Batter\'s Helmet', 7.250000, 18.840000, 5, 'V004', 105),
	('P090', 'Spencer Soccer Ball', 11.250000, 23.550000, 5, 'V004', 126),
	('P091', 'GoodSport Darts', 4.250000, 11.770000, 5, 'V003', 112),
	('P092', 'GoodSport Dart Flights', 0.750000, 2.350000, 5, 'V003', 106),
	('P093', 'GoodSport Dart Board', 12.750000, 23.550000, 5, 'V003', 104),
	('P094', 'Gold Coast Badminton Set', 17.550000, 35.330000, 5, 'V001', 105),
	('P095', 'Gold Coast Volleyball Set', 17.550000, 35.330000, 5, 'V001', 105),
	('P096', 'ProTech  Neck Collar', 5.250000, 15.300000, 4, 'V005', 104),
	('P097', 'ProTech Forearm Pads', 5.250000, 15.300000, 4, 'V005', 104),
	('P098', 'ProTech Elbow Pads', 7.500000, 21.200000, 4, 'V005', 104),
	('P099', 'Spencer Football Gloves', 12.500000, 23.550000, 5, 'V004', 105),
	('P100', 'ProTech Football Helmet', 26.750000, 47.110000, 7, 'V005', 106),
	('P101', 'Nikita Warm Up Suit', 29.990000, 64.780000, 15, 'V002', 112),
	('P102', 'Fast Trak Cross Trainers (Men)', 23.750000, 47.110000, 5, 'V002', 115),
	('P103', 'Fast Trak Cross Trainers (Women)', 23.750000, 47.110000, 5, 'V002', 114),
	('P104', 'Fast Trak Football Cleats (W)', 21.500000, 41.220000, 5, 'V002', 115),
	('P105', 'Fast Trak Football Cleats (M)', 21.500000, 41.220000, 5, 'V002', 115),
	('P106', 'Nykey Aerobic Shoes (M)', 26.500000, 58.890000, 15, 'V002', 109),
	('P107', 'Nykey Aerobic Shoes (W)', 26.500000, 58.890000, 15, 'V002', 112),
	('P108', 'ProTech Bike Helmet', 21.750000, 47.110000, 20, 'V005', 105),
	('P109', 'Spencer In-Line Skates', 48.500000, 106.020000, 5, 'V004', 108),
	('P110', 'Johnson Trampoline', 32.000000, 53.000000, 5, 'V001', 105),
	('P111', 'Arctic Trek Sleeping Bag', 47.250000, 94.240000, 5, 'V006', 101),
	('P112', 'Arctic Trek Ground Mat', 8.750000, 23.550000, 5, 'V006', 98),
	('P113', 'Day Tripper Day Pack', 21.250000, 47.110000, 5, 'V003', 107),
	('P114', 'Day Tripper Frame Pack', 62.500000, 153.140000, 5, 'V003', 105),
	('P115', 'Spencer Aerobic Step W/ Video', 24.750000, 58.890000, 15, 'V005', 114),
	('P116', 'EverStrong Weight Belt', 12.250000, 23.550000, 5, 'V005', 106),
	('P117', 'EverStrong 32# Chrome Weights', 28.750000, 58.890000, 5, 'V005', 105),
	('P118', 'EverStrong Weight Set', 78.500000, 176.700000, 5, 'V005', 103),
	('P119', 'Spencer Lifting Gloves', 8.500000, 29.440000, 5, 'V004', 110),
	('P120', 'EverStrong Aerobic Hand Weights', 8.750000, 23.550000, 5, 'V005', 115),
	('P121', 'Spencer Football', 8.250000, 23.550000, 5, 'V004', 120),
	('P122', 'Long Flite Golf Tees 50-Pack', 0.720000, 1.750000, 8, 'V004', 106),
	('P123', 'Racket Head Tape', 1.760000, 4.700000, 20, 'V003', 118),
	('P124', 'Water Pistol', 1.000000, 4.000000, 2, 'V004', 132),
	('P125', 'Black Forest Bug Repellant', 1.250000, 3.520000, 10, 'V006', 4);

/*!40103 SET TIME_ZONE=IFNULL(@OLD_TIME_ZONE, 'system') */;
/*!40101 SET SQL_MODE=IFNULL(@OLD_SQL_MODE, '') */;
/*!40014 SET FOREIGN_KEY_CHECKS=IFNULL(@OLD_FOREIGN_KEY_CHECKS, 1) */;
/*!40101 SET CHARACTER_SET_CLIENT=@OLD_CHARACTER_SET_CLIENT */;
/*!40111 SET SQL_NOTES=IFNULL(@OLD_SQL_NOTES, 1) */;
